producto_id,nombre_producto,categoria,precio_lista,costo_unitario
1,ELE-0001,Electrónica,1968800,1298900
2,ELE-0002,Electrónica,2167700,1570200
3,ELE-0003,Electrónica,371300,294800
4,ELE-0004,Electrónica,1938700,1447300
5,ELE-0005,Electrónica,451100,298900
6,ELE-0006,Electrónica,1021400,798400
7,ELE-0007,Electrónica,1663100,1256800
8,ELE-0008,Electrónica,1192000,723300
9,ELE-0009,Electrónica,1453300,822500
10,ELE-0010,Electrónica,2094900,1483000
11,ELE-0011,Electrónica,1931500,1233500
12,ELE-0012,Electrónica,2431100,1879900
13,ELE-0013,Electrónica,1979200,1184900
14,ELE-0014,Electrónica,1246800,699400
15,ELE-0015,Electrónica,512600,369500
16,ELE-0016,Electrónica,1900200,1504700
17,ELE-0017,Electrónica,915700,588400
18,ELE-0018,Electrónica,1253500,748800
19,ELE-0019,Electrónica,455300,304600
20,ELE-0020,Electrónica,683200,490200
21,ELE-0021,Electrónica,1177300,892600
22,ELE-0022,Electrónica,1795600,1127800
23,ELE-0023,Electrónica,2105800,1581900
24,ELE-0024,Electrónica,1060600,659800
25,ELE-0025,Electrónica,1753900,1025900
26,ELE-0026,Electrónica,619800,342000
27,ELE-0027,Electrónica,1999300,1431900
28,ELE-0028,Electrónica,1807100,1346600
29,ELE-0029,Electrónica,1228500,850300
30,ELE-0030,Electrónica,478500,276900
31,ELE-0031,Electrónica,1720700,1149000
32,ELE-0032,Electrónica,1478300,1095800
33,ELE-0033,Electrónica,1641600,1130100
34,ELE-0034,Electrónica,1464100,916500
35,ELE-0035,Electrónica,222400,146600
36,ELE-0036,Electrónica,654300,426700
37,ELE-0037,Electrónica,2155500,1311600
38,ELE-0038,Electrónica,287000,178000
39,ELE-0039,Electrónica,839900,600900
40,ELE-0040,Electrónica,1459000,1088400
41,ELE-0041,Electrónica,1711100,1114900
42,ELE-0042,Electrónica,2062900,1220700
43,ELE-0043,Electrónica,203400,116400
44,ELE-0044,Electrónica,1847500,1229500
45,ELE-0045,Electrónica,529000,357200
46,ELE-0046,Electrónica,507900,367800
47,ELE-0047,Electrónica,1198500,773300
48,ELE-0048,Electrónica,858600,607500
49,ELE-0049,Electrónica,1000300,572100
50,ELE-0050,Electrónica,427300,337800
51,ELE-0051,Electrónica,2285200,1656600
52,ELE-0052,Electrónica,774800,613900
53,ELE-0053,Electrónica,1980100,1443900
54,ELE-0054,Electrónica,1206000,745400
55,ELE-0055,Electrónica,376500,292000
56,ELE-0056,Electrónica,1221100,733400
57,ELE-0057,Electrónica,869000,603800
58,ELE-0058,Electrónica,565400,432100
59,ELE-0059,Electrónica,1932500,1410500
60,ELE-0060,Electrónica,1165400,823700
61,ELE-0061,Electrónica,1522600,1084800
62,ELE-0062,Electrónica,348400,227800
63,ELE-0063,Electrónica,247800,166900
64,ELE-0064,Electrónica,925200,542300
65,ELE-0065,Electrónica,393000,273900
66,ELE-0066,Electrónica,550900,430400
67,ELE-0067,Electrónica,1515500,964900
68,ELE-0068,Electrónica,1538700,855100
69,ELE-0069,Electrónica,2402600,1611100
70,ELE-0070,Electrónica,1989400,1135300
71,ELE-0071,Electrónica,1293600,870200
72,ELE-0072,Electrónica,2353900,1631100
73,ELE-0073,Electrónica,1262700,778800
74,ELE-0074,Electrónica,929200,632000
75,ELE-0075,Electrónica,1181400,656200
76,ELE-0076,Electrónica,2091800,1619100
77,ELE-0077,Electrónica,479600,330200
78,ELE-0078,Electrónica,405200,291000
79,ELE-0079,Electrónica,810900,579700
80,ELE-0080,Electrónica,1858400,1379200
81,ROP-0081,Ropa,68000,53000
82,ROP-0082,Ropa,99900,55900
83,ROP-0083,Ropa,184300,118500
84,ROP-0084,Ropa,255700,192300
85,ROP-0085,Ropa,122500,96600
86,ROP-0086,Ropa,115600,78500
87,ROP-0087,Ropa,106600,83600
88,ROP-0088,Ropa,82800,46500
89,ROP-0089,Ropa,153100,122200
90,ROP-0090,Ropa,271800,200400
91,ROP-0091,Ropa,271600,210000
92,ROP-0092,Ropa,174900,110000
93,ROP-0093,Ropa,240700,172200
94,ROP-0094,Ropa,137200,78700
95,ROP-0095,Ropa,234200,144200
96,ROP-0096,Ropa,283600,173100
97,ROP-0097,Ropa,71900,54500
98,ROP-0098,Ropa,79900,47500
99,ROP-0099,Ropa,195800,150500
100,ROP-0100,Ropa,91100,57200
101,ROP-0101,Ropa,242100,192000
102,ROP-0102,Ropa,170200,99700
103,ROP-0103,Ropa,43600,26500
104,ROP-0104,Ropa,74300,53500
105,ROP-0105,Ropa,71700,48500
106,ROP-0106,Ropa,220500,153300
107,ROP-0107,Ropa,91900,69000
108,ROP-0108,Ropa,226000,166100
109,ROP-0109,Ropa,74100,43000
110,ROP-0110,Ropa,281200,182600
111,ROP-0111,Ropa,118200,79400
112,ROP-0112,Ropa,212300,167500
113,ROP-0113,Ropa,114500,89400
114,ROP-0114,Ropa,46500,32000
115,ROP-0115,Ropa,204800,118100
116,ROP-0116,Ropa,76500,50100
117,ROP-0117,Ropa,291200,203600
118,ROP-0118,Ropa,282600,212300
119,ROP-0119,Ropa,161500,120500
120,ROP-0120,Ropa,44600,25700
121,ROP-0121,Ropa,255700,191600
122,ROP-0122,Ropa,100500,68600
123,ROP-0123,Ropa,197600,151500
124,ROP-0124,Ropa,196800,128500
125,ROP-0125,Ropa,137300,90100
126,ROP-0126,Ropa,209500,160700
127,ROP-0127,Ropa,158000,96700
128,ROP-0128,Ropa,101500,74800
129,ROP-0129,Ropa,252300,145400
130,ROP-0130,Ropa,57300,40000
131,ROP-0131,Ropa,78000,59000
132,ROP-0132,Ropa,120700,70700
133,ROP-0133,Ropa,279500,165300
134,ROP-0134,Ropa,114000,67100
135,ROP-0135,Ropa,70000,38900
136,ROP-0136,Ropa,54400,32300
137,ROP-0137,Ropa,53900,37600
138,ROP-0138,Ropa,217000,140700
139,ROP-0139,Ropa,122700,83000
140,ROP-0140,Ropa,267500,204000
141,ROP-0141,Ropa,51300,30500
142,ROP-0142,Ropa,101600,62200
143,ROP-0143,Ropa,188500,123300
144,ROP-0144,Ropa,52800,34000
145,ROP-0145,Ropa,176200,101400
146,ROP-0146,Ropa,256700,144500
147,ROP-0147,Ropa,280500,161200
148,ROP-0148,Ropa,259300,201100
149,ROP-0149,Ropa,294700,221200
150,ROP-0150,Ropa,242700,172500
151,ROP-0151,Ropa,242500,141500
152,ROP-0152,Ropa,179400,121700
153,ROP-0153,Ropa,263000,175100
154,ROP-0154,Ropa,140100,99500
155,ROP-0155,Ropa,109300,63900
156,ROP-0156,Ropa,164200,107400
157,ROP-0157,Ropa,100500,64500
158,ROP-0158,Ropa,135300,85500
159,ROP-0159,Ropa,138700,100100
160,ROP-0160,Ropa,117200,92300
161,ROP-0161,Ropa,278300,186500
162,ROP-0162,Ropa,125400,85800
163,ROP-0163,Ropa,260600,185800
164,ROP-0164,Ropa,249100,170200
165,ROP-0165,Ropa,204600,127300
166,ROP-0166,Ropa,231100,138800
167,ROP-0167,Ropa,220600,168800
168,ROP-0168,Ropa,74300,52300
169,ROP-0169,Ropa,64700,47300
170,ROP-0170,Ropa,62000,48600
171,ROP-0171,Ropa,75700,59800
172,ROP-0172,Ropa,248200,173300
173,ROP-0173,Ropa,243500,182300
174,ROP-0174,Ropa,286000,175400
175,ROP-0175,Ropa,193400,111000
176,ROP-0176,Ropa,200200,118700
177,ROP-0177,Ropa,186900,129500
178,ROP-0178,Ropa,161200,109700
179,ROP-0179,Ropa,238600,178900
180,ROP-0180,Ropa,168000,117600
181,HOG-0181,Hogar,747100,433300
182,HOG-0182,Hogar,120200,68700
183,HOG-0183,Hogar,536600,351300
184,HOG-0184,Hogar,626200,449500
185,HOG-0185,Hogar,286900,222200
186,HOG-0186,Hogar,617100,381100
187,HOG-0187,Hogar,310400,195100
188,HOG-0188,Hogar,151400,88900
189,HOG-0189,Hogar,750800,495100
190,HOG-0190,Hogar,325200,238200
191,HOG-0191,Hogar,455800,357400
192,HOG-0192,Hogar,630800,422500
193,HOG-0193,Hogar,319800,254800
194,HOG-0194,Hogar,582700,459100
195,HOG-0195,Hogar,121200,92400
196,HOG-0196,Hogar,520500,302100
197,HOG-0197,Hogar,483000,348500
198,HOG-0198,Hogar,39500,26200
199,HOG-0199,Hogar,665600,415200
200,HOG-0200,Hogar,383100,253100
201,HOG-0201,Hogar,262500,204600
202,HOG-0202,Hogar,631600,364800
203,HOG-0203,Hogar,797700,614100
204,HOG-0204,Hogar,248600,188700
205,HOG-0205,Hogar,111900,89500
206,HOG-0206,Hogar,542600,386600
207,HOG-0207,Hogar,99600,77100
208,HOG-0208,Hogar,52300,31900
209,HOG-0209,Hogar,140100,104300
210,HOG-0210,Hogar,182600,142000
211,HOG-0211,Hogar,535300,299300
212,HOG-0212,Hogar,34200,19300
213,HOG-0213,Hogar,496600,372600
214,HOG-0214,Hogar,213700,162900
215,HOG-0215,Hogar,74100,55600
216,HOG-0216,Hogar,744400,553100
217,HOG-0217,Hogar,567600,431100
218,HOG-0218,Hogar,60900,36600
219,HOG-0219,Hogar,126200,85300
220,HOG-0220,Hogar,603800,427200
221,HOG-0221,Hogar,685400,403600
222,HOG-0222,Hogar,595700,356400
223,HOG-0223,Hogar,238500,173500
224,HOG-0224,Hogar,784800,551600
225,HOG-0225,Hogar,72000,50700
226,HOG-0226,Hogar,62600,48300
227,HOG-0227,Hogar,576400,342000
228,HOG-0228,Hogar,100600,59900
229,HOG-0229,Hogar,784600,521500
230,HOG-0230,Hogar,633700,449400
231,HOG-0231,Hogar,470800,276000
232,HOG-0232,Hogar,758400,474300
233,HOG-0233,Hogar,475100,344400
234,HOG-0234,Hogar,529900,416100
235,HOG-0235,Hogar,144300,97700
236,HOG-0236,Hogar,341100,228000
237,HOG-0237,Hogar,121800,71100
238,HOG-0238,Hogar,244100,152800
239,HOG-0239,Hogar,359500,252600
240,HOG-0240,Hogar,518700,338700
241,HOG-0241,Hogar,344800,208400
242,HOG-0242,Hogar,483000,303900
243,HOG-0243,Hogar,57800,37800
244,HOG-0244,Hogar,395100,239600
245,HOG-0245,Hogar,470800,325500
246,HOG-0246,Hogar,570500,406200
247,HOG-0247,Hogar,532400,334900
248,HOG-0248,Hogar,636300,437300
249,HOG-0249,Hogar,362200,255900
250,HOG-0250,Hogar,307700,208700
251,HOG-0251,Hogar,597300,460900
252,HOG-0252,Hogar,739200,499600
253,HOG-0253,Hogar,430600,322900
254,HOG-0254,Hogar,272100,206600
255,HOG-0255,Hogar,410500,237700
256,HOG-0256,Hogar,85500,65000
257,HOG-0257,Hogar,72800,45100
258,HOG-0258,Hogar,287300,170400
259,HOG-0259,Hogar,271700,199900
260,HOG-0260,Hogar,41300,31300
261,HOG-0261,Hogar,689500,443400
262,HOG-0262,Hogar,148300,103800
263,HOG-0263,Hogar,122100,78300
264,HOG-0264,Hogar,768000,613500
265,HOG-0265,Hogar,624500,392000
266,HOG-0266,Hogar,559500,406400
267,HOG-0267,Hogar,328600,233400
268,HOG-0268,Hogar,38300,23100
269,HOG-0269,Hogar,434300,256600
270,HOG-0270,Hogar,157700,119700
271,DEP-0271,Deportes,594000,409300
272,DEP-0272,Deportes,511500,408000
273,DEP-0273,Deportes,127900,84700
274,DEP-0274,Deportes,265900,151600
275,DEP-0275,Deportes,465400,306400
276,DEP-0276,Deportes,308100,181100
277,DEP-0277,Deportes,149500,116100
278,DEP-0278,Deportes,74600,45400
279,DEP-0279,Deportes,210600,141600
280,DEP-0280,Deportes,372500,250800
281,DEP-0281,Deportes,96300,58800
282,DEP-0282,Deportes,514000,364600
283,DEP-0283,Deportes,407000,292000
284,DEP-0284,Deportes,469600,265100
285,DEP-0285,Deportes,251600,172300
286,DEP-0286,Deportes,236200,179800
287,DEP-0287,Deportes,315400,234100
288,DEP-0288,Deportes,518600,350700
289,DEP-0289,Deportes,550300,383400
290,DEP-0290,Deportes,517700,328800
291,DEP-0291,Deportes,324300,221400
292,DEP-0292,Deportes,107700,70000
293,DEP-0293,Deportes,554500,392400
294,DEP-0294,Deportes,147600,93700
295,DEP-0295,Deportes,155400,86400
296,DEP-0296,Deportes,560100,370800
297,DEP-0297,Deportes,219100,153300
298,DEP-0298,Deportes,54000,33500
299,DEP-0299,Deportes,436700,309400
300,DEP-0300,Deportes,590000,416000
301,DEP-0301,Deportes,312600,231400
302,DEP-0302,Deportes,546800,399300
303,DEP-0303,Deportes,579800,432200
304,DEP-0304,Deportes,526700,304700
305,DEP-0305,Deportes,452800,298900
306,DEP-0306,Deportes,354200,252700
307,DEP-0307,Deportes,583400,464500
308,DEP-0308,Deportes,208500,152900
309,DEP-0309,Deportes,462500,294400
310,DEP-0310,Deportes,118100,66200
311,DEP-0311,Deportes,477500,321100
312,DEP-0312,Deportes,592000,394400
313,DEP-0313,Deportes,587900,383800
314,DEP-0314,Deportes,486500,277900
315,DEP-0315,Deportes,355500,266800
316,DEP-0316,Deportes,558600,422100
317,DEP-0317,Deportes,70300,45200
318,DEP-0318,Deportes,76800,44300
319,DEP-0319,Deportes,421400,306900
320,DEP-0320,Deportes,475500,364400
321,DEP-0321,Deportes,456700,342600
322,DEP-0322,Deportes,76900,46800
323,DEP-0323,Deportes,392000,299700
324,DEP-0324,Deportes,52500,35600
325,DEP-0325,Deportes,422500,235500
326,DEP-0326,Deportes,270700,209500
327,DEP-0327,Deportes,419400,255600
328,DEP-0328,Deportes,519000,330600
329,DEP-0329,Deportes,519300,324400
330,DEP-0330,Deportes,374700,243300
331,DEP-0331,Deportes,201200,155300
332,DEP-0332,Deportes,153200,87500
333,DEP-0333,Deportes,238100,173700
334,DEP-0334,Deportes,494100,395100
335,DEP-0335,Deportes,213000,138900
336,DEP-0336,Deportes,125300,86900
337,DEP-0337,Deportes,598700,434200
338,DEP-0338,Deportes,377400,244600
339,DEP-0339,Deportes,553400,373100
340,DEP-0340,Deportes,123900,79500
341,BEL-0341,Belleza,27400,16500
342,BEL-0342,Belleza,18300,12100
343,BEL-0343,Belleza,132400,84200
344,BEL-0344,Belleza,92800,73300
345,BEL-0345,Belleza,154100,105600
346,BEL-0346,Belleza,67600,52300
347,BEL-0347,Belleza,58500,36900
348,BEL-0348,Belleza,183200,125000
349,BEL-0349,Belleza,152300,106300
350,BEL-0350,Belleza,135900,84900
351,BEL-0351,Belleza,59700,37600
352,BEL-0352,Belleza,43800,33700
353,BEL-0353,Belleza,67400,46500
354,BEL-0354,Belleza,161500,120500
355,BEL-0355,Belleza,96100,64300
356,BEL-0356,Belleza,199000,143000
357,BEL-0357,Belleza,165700,128500
358,BEL-0358,Belleza,160700,95800
359,BEL-0359,Belleza,119000,68500
360,BEL-0360,Belleza,135800,107100
361,BEL-0361,Belleza,109900,72300
362,BEL-0362,Belleza,21600,17100
363,BEL-0363,Belleza,34100,19100
364,BEL-0364,Belleza,60500,34300
365,BEL-0365,Belleza,99200,67400
366,BEL-0366,Belleza,72800,41000
367,BEL-0367,Belleza,35600,23000
368,BEL-0368,Belleza,26200,19000
369,BEL-0369,Belleza,53300,33300
370,BEL-0370,Belleza,87900,57500
371,BEL-0371,Belleza,15300,8800
372,BEL-0372,Belleza,174600,96100
373,BEL-0373,Belleza,109000,73300
374,BEL-0374,Belleza,76600,50400
375,BEL-0375,Belleza,159400,121200
376,BEL-0376,Belleza,63200,39900
377,BEL-0377,Belleza,59900,40100
378,BEL-0378,Belleza,141400,85800
379,BEL-0379,Belleza,76200,59600
380,BEL-0380,Belleza,24000,16000
381,BEL-0381,Belleza,146600,86100
382,BEL-0382,Belleza,23800,13900
383,BEL-0383,Belleza,185000,102200
384,BEL-0384,Belleza,49800,27800
385,BEL-0385,Belleza,35500,25000
386,BEL-0386,Belleza,59700,41300
387,BEL-0387,Belleza,124200,94700
388,BEL-0388,Belleza,15900,12100
389,BEL-0389,Belleza,129500,76500
390,BEL-0390,Belleza,158000,120700
391,BEL-0391,Belleza,62000,48300
392,BEL-0392,Belleza,99100,69500
393,BEL-0393,Belleza,197200,126300
394,BEL-0394,Belleza,165400,104100
395,BEL-0395,Belleza,162900,114100
396,BEL-0396,Belleza,55000,35900
397,BEL-0397,Belleza,73800,42000
398,BEL-0398,Belleza,20500,13100
399,BEL-0399,Belleza,18500,10900
400,BEL-0400,Belleza,149200,108500
401,JUG-0401,Juguetes,189900,119500
402,JUG-0402,Juguetes,224700,156900
403,JUG-0403,Juguetes,49000,28700
404,JUG-0404,Juguetes,179400,106400
405,JUG-0405,Juguetes,136700,109100
406,JUG-0406,Juguetes,20900,11600
407,JUG-0407,Juguetes,248400,172900
408,JUG-0408,Juguetes,49200,38100
409,JUG-0409,Juguetes,222500,152200
410,JUG-0410,Juguetes,163000,100800
411,JUG-0411,Juguetes,31600,22100
412,JUG-0412,Juguetes,87800,62900
413,JUG-0413,Juguetes,212300,117700
414,JUG-0414,Juguetes,157000,95400
415,JUG-0415,Juguetes,221000,135600
416,JUG-0416,Juguetes,160500,110500
417,JUG-0417,Juguetes,111100,79900
418,JUG-0418,Juguetes,186900,129300
419,JUG-0419,Juguetes,194400,154700
420,JUG-0420,Juguetes,116400,79000
421,JUG-0421,Juguetes,22900,17200
422,JUG-0422,Juguetes,139700,91100
423,JUG-0423,Juguetes,41600,32100
424,JUG-0424,Juguetes,110900,79900
425,JUG-0425,Juguetes,54400,43000
426,JUG-0426,Juguetes,61000,36600
427,JUG-0427,Juguetes,217600,169300
428,JUG-0428,Juguetes,68800,45900
429,JUG-0429,Juguetes,188700,145200
430,JUG-0430,Juguetes,107200,72800
431,JUG-0431,Juguetes,190600,139700
432,JUG-0432,Juguetes,200100,138600
433,JUG-0433,Juguetes,44100,34200
434,JUG-0434,Juguetes,219100,164200
435,JUG-0435,Juguetes,43000,25800
436,JUG-0436,Juguetes,191000,106200
437,JUG-0437,Juguetes,245200,158000
438,JUG-0438,Juguetes,185400,143100
439,JUG-0439,Juguetes,110800,69800
440,JUG-0440,Juguetes,160000,111200
441,JUG-0441,Juguetes,114100,79900
442,JUG-0442,Juguetes,235100,156800
443,JUG-0443,Juguetes,65300,42100
444,JUG-0444,Juguetes,110600,64500
445,JUG-0445,Juguetes,57500,41500
446,JUG-0446,Juguetes,98100,77400
447,JUG-0447,Juguetes,76000,43700
448,JUG-0448,Juguetes,193300,148900
449,JUG-0449,Juguetes,84000,50400
450,JUG-0450,Juguetes,62700,42700
451,LIB-0451,Libros,69500,42700
452,LIB-0452,Libros,29300,19600
453,LIB-0453,Libros,116100,82800
454,LIB-0454,Libros,72100,41700
455,LIB-0455,Libros,49000,30600
456,LIB-0456,Libros,97700,75100
457,LIB-0457,Libros,110700,88100
458,LIB-0458,Libros,118300,93200
459,LIB-0459,Libros,31800,18600
460,LIB-0460,Libros,53900,37100
461,LIB-0461,Libros,34200,26000
462,LIB-0462,Libros,83600,57300
463,LIB-0463,Libros,40700,25000
464,LIB-0464,Libros,40200,30700
465,LIB-0465,Libros,80500,59100
466,LIB-0466,Libros,53100,34100
467,LIB-0467,Libros,63500,47000
468,LIB-0468,Libros,98400,59200
469,LIB-0469,Libros,114400,66400
470,LIB-0470,Libros,110100,63300
471,LIB-0471,Libros,50100,38200
472,LIB-0472,Libros,42100,27500
473,LIB-0473,Libros,67700,41400
474,LIB-0474,Libros,92500,70600
475,LIB-0475,Libros,108100,68600
476,LIB-0476,Libros,75400,46200
477,LIB-0477,Libros,48300,28500
478,LIB-0478,Libros,114300,88200
479,LIB-0479,Libros,98800,67100
480,LIB-0480,Libros,71600,48900
481,LIB-0481,Libros,76000,50100
482,LIB-0482,Libros,37500,21800
483,LIB-0483,Libros,115500,77400
484,LIB-0484,Libros,115600,68300
485,LIB-0485,Libros,77700,46800
486,LIB-0486,Libros,49100,27400
487,LIB-0487,Libros,36300,28300
488,LIB-0488,Libros,55500,39000
489,LIB-0489,Libros,69200,45000
490,LIB-0490,Libros,75500,45100
491,LIB-0491,Libros,118900,89700
492,LIB-0492,Libros,95500,63700
493,LIB-0493,Libros,39500,30800
494,LIB-0494,Libros,57400,32300
495,LIB-0495,Libros,57500,43000
496,LIB-0496,Libros,84200,62100
497,LIB-0497,Libros,100400,60500
498,LIB-0498,Libros,112800,74400
499,LIB-0499,Libros,85700,47200
500,LIB-0500,Libros,119400,74100
