categoria,nombre_producto,ingresos,promedio_de_su_categoria
Belleza,BEL-0343,136221765.0,12122091.0
Belleza,BEL-0373,76464235.0,12122091.0
Belleza,BEL-0372,45511400.0,12122091.0
Belleza,BEL-0378,34262670.0,12122091.0
Belleza,BEL-0349,31839845.0,12122091.0
Belleza,BEL-0383,28782465.0,12122091.0
Belleza,BEL-0387,28088155.0,12122091.0
Belleza,BEL-0392,27462970.0,12122091.0
Belleza,BEL-0345,24263460.0,12122091.0
Belleza,BEL-0370,21681545.0,12122091.0
Belleza,BEL-0375,20940475.0,12122091.0
Belleza,BEL-0344,17832825.0,12122091.0
Belleza,BEL-0381,14850535.0,12122091.0
Belleza,BEL-0394,13933310.0,12122091.0
Deportes,DEP-0307,541688375.0,43536504.0
Deportes,DEP-0293,347736195.0,43536504.0
Deportes,DEP-0309,184603385.0,43536504.0
Deportes,DEP-0337,118152760.0,43536504.0
Deportes,DEP-0275,114184890.0,43536504.0
Deportes,DEP-0288,109434810.0,43536504.0
Deportes,DEP-0314,99093875.0,43536504.0
Deportes,DEP-0313,80935605.0,43536504.0
Deportes,DEP-0303,76102730.0,43536504.0
Deportes,DEP-0276,75396525.0,43536504.0
Deportes,DEP-0299,72590275.0,43536504.0
Deportes,DEP-0308,64876675.0,43536504.0
Deportes,DEP-0319,64114560.0,43536504.0
Deportes,DEP-0339,62506480.0,43536504.0
Deportes,DEP-0325,58956175.0,43536504.0
Electrónica,ELE-0002,1203164720.0,107986396.0
Electrónica,ELE-0054,857577480.0,107986396.0
Electrónica,ELE-0011,614060300.0,107986396.0
Electrónica,ELE-0023,487765945.0,107986396.0
Electrónica,ELE-0060,455972880.0,107986396.0
Electrónica,ELE-0033,361967565.0,107986396.0
Electrónica,ELE-0016,311536385.0,107986396.0
Electrónica,ELE-0049,293205035.0,107986396.0
Electrónica,ELE-0041,272404660.0,107986396.0
Electrónica,ELE-0008,228952105.0,107986396.0
Electrónica,ELE-0006,202457815.0,107986396.0
Electrónica,ELE-0007,174835085.0,107986396.0
Electrónica,ELE-0032,142967510.0,107986396.0
Electrónica,ELE-0005,141837250.0,107986396.0
Electrónica,ELE-0025,136405560.0,107986396.0
Electrónica,ELE-0073,115265915.0,107986396.0
Electrónica,ELE-0048,114453110.0,107986396.0
Electrónica,ELE-0042,111516495.0,107986396.0
Hogar,HOG-0248,238409920.0,38762458.0
Hogar,HOG-0255,217318465.0,38762458.0
Hogar,HOG-0189,209175635.0,38762458.0
Hogar,HOG-0190,198046270.0,38762458.0
Hogar,HOG-0261,147418470.0,38762458.0
Hogar,HOG-0249,120710130.0,38762458.0
Hogar,HOG-0223,108881590.0,38762458.0
Hogar,HOG-0244,105894215.0,38762458.0
Hogar,HOG-0217,99270500.0,38762458.0
Hogar,HOG-0269,95393760.0,38762458.0
Hogar,HOG-0264,85835195.0,38762458.0
Hogar,HOG-0185,76442625.0,38762458.0
Hogar,HOG-0221,73273055.0,38762458.0
Hogar,HOG-0241,73004775.0,38762458.0
Hogar,HOG-0230,71353250.0,38762458.0
Hogar,HOG-0232,70078860.0,38762458.0
Hogar,HOG-0233,67898375.0,38762458.0
Hogar,HOG-0257,66718025.0,38762458.0
Hogar,HOG-0247,65714640.0,38762458.0
Hogar,HOG-0236,63789350.0,38762458.0
Hogar,HOG-0222,59655795.0,38762458.0
Hogar,HOG-0234,59467475.0,38762458.0
Hogar,HOG-0240,55979810.0,38762458.0
Hogar,HOG-0197,49856160.0,38762458.0
Hogar,HOG-0229,49572330.0,38762458.0
Hogar,HOG-0224,48583290.0,38762458.0
Hogar,HOG-0199,45793810.0,38762458.0
Hogar,HOG-0216,39350295.0,38762458.0
Juguetes,JUG-0436,150970995.0,17310570.0
Juguetes,JUG-0413,76646335.0,17310570.0
Juguetes,JUG-0415,71998215.0,17310570.0
Juguetes,JUG-0416,71767070.0,17310570.0
Juguetes,JUG-0443,60618570.0,17310570.0
Juguetes,JUG-0446,39061470.0,17310570.0
Juguetes,JUG-0448,31847765.0,17310570.0
Juguetes,JUG-0420,30969155.0,17310570.0
Juguetes,JUG-0442,27120865.0,17310570.0
Juguetes,JUG-0410,25908230.0,17310570.0
Juguetes,JUG-0401,23347245.0,17310570.0
Juguetes,JUG-0412,20719275.0,17310570.0
Juguetes,JUG-0402,19890885.0,17310570.0
Libros,LIB-0495,60873485.0,9083377.0
Libros,LIB-0451,45422180.0,9083377.0
Libros,LIB-0484,42436360.0,9083377.0
Libros,LIB-0455,41086130.0,9083377.0
Libros,LIB-0486,23440655.0,9083377.0
Libros,LIB-0483,16532805.0,9083377.0
Libros,LIB-0476,15659345.0,9083377.0
Libros,LIB-0457,15311730.0,9083377.0
Libros,LIB-0475,13995105.0,9083377.0
Libros,LIB-0469,13693635.0,9083377.0
Libros,LIB-0479,13257950.0,9083377.0
Libros,LIB-0465,12768700.0,9083377.0
Libros,LIB-0487,10023855.0,9083377.0
Libros,LIB-0480,9688810.0,9083377.0
Libros,LIB-0460,9614760.0,9083377.0
Libros,LIB-0477,9384990.0,9083377.0
Ropa,ROP-0133,124490200.0,16317427.0
Ropa,ROP-0090,108498990.0,16317427.0
Ropa,ROP-0099,72609380.0,16317427.0
Ropa,ROP-0091,68567745.0,16317427.0
Ropa,ROP-0083,65196050.0,16317427.0
Ropa,ROP-0173,55421085.0,16317427.0
Ropa,ROP-0101,54793905.0,16317427.0
Ropa,ROP-0119,51758460.0,16317427.0
Ropa,ROP-0096,46533425.0,16317427.0
Ropa,ROP-0157,45428925.0,16317427.0
Ropa,ROP-0151,43258360.0,16317427.0
Ropa,ROP-0141,41171630.0,16317427.0
Ropa,ROP-0146,40373720.0,16317427.0
Ropa,ROP-0092,39611165.0,16317427.0
Ropa,ROP-0161,36659705.0,16317427.0
Ropa,ROP-0156,32934800.0,16317427.0
Ropa,ROP-0145,30438625.0,16317427.0
Ropa,ROP-0134,26937370.0,16317427.0
Ropa,ROP-0159,24820685.0,16317427.0
Ropa,ROP-0138,24175965.0,16317427.0
Ropa,ROP-0125,22264860.0,16317427.0
Ropa,ROP-0081,20476275.0,16317427.0
Ropa,ROP-0142,20443970.0,16317427.0
Ropa,ROP-0166,18922665.0,16317427.0
Ropa,ROP-0167,17542125.0,16317427.0
Ropa,ROP-0160,16482105.0,16317427.0
